{
  "project_info": {
    "project_number": "990358596835",
    "project_id": "evarkadasi-38725",
    "storage_bucket": "evarkadasi-38725.appspot.com"
  },
  "client": [
    {
      "client_info": {
        "mobilesdk_app_id": "1:990358596835:android:82f5699a5ab3c8408069d6",
        "android_client_info": {
          "package_name": "com.example.evarkadasi"
        }
      },
      "oauth_client": [
        {
          "client_id": "990358596835-jdmbfeofbhuf3abdenhqsm2kio547la5.apps.googleusercontent.com",
          "client_type": 3
        }
      ],
      "api_key": [
        {
          "current_key": "AIzaSyBoOUwS0_kAN9S7yrJg61cstWT5a4U0EFo"
        }
      ],
      "services": {
        "appinvite_service": {
          "other_platform_oauth_client": [
            {
              "client_id": "990358596835-jdmbfeofbhuf3abdenhqsm2kio547la5.apps.googleusercontent.com",
              "client_type": 3
            }
          ]
        }
      }
    }
  ],
  "configuration_version": "1"
}